Sample_ID	Sample_Name	Sample_Plate	Sample_Well	Index_Plate_Well	I7_Index_ID	index	I5_Index_ID	index2	Sample_Project	Description
GMP_06301	GMP_06301	20250115_setC	A01	A01	UDP0193	TCTCATGATA	UDP0193	TCCACGTGTT	MOSAICseq00189	MOSAICseq00189
GMP_06302	GMP_06302	20250115_setC	A02	B01	UDP0194	CGAGGCCAAG	UDP0194	CCGGTAACAC	MOSAICseq00189	MOSAICseq00189
GMP_06303	GMP_06303	20250115_setC	A03	C01	UDP0195	TTCACGAGAC	UDP0195	GTAACAATCT	MOSAICseq00189	MOSAICseq00189
GMP_06313	GMP_06313	20250115_setC	A04	D01	UDP0196	GCGTGGATGG	UDP0196	CATTGGTCAA	MOSAICseq00189	MOSAICseq00189
GMP_06320	GMP_06320	20250115_setC	A05	E01	UDP0197	TCCTGGTTGT	UDP0197	TGCCGGTCAG	MOSAICseq00189	MOSAICseq00189
GMP_06321	GMP_06321	20250115_setC	A06	F01	UDP0198	TAATTCTGCT	UDP0198	ATTGATGAGA	MOSAICseq00189	MOSAICseq00189
85PiM_1M	K6_4631_85PiM_1M	20250115_setC	A07	G01	UDP0199	CGCACGACTG	UDP0199	CTGTTGGTCC	MOSAICseq00189	MOSAICseq00189
764.0-00	O3_2349_764-00	20250115_setC	A08	H01	UDP0200	GAGGTTAGAC	UDP0200	GCAATACATT	MOSAICseq00189	MOSAICseq00189
6022	O4_2680_FAC_6022	20250115_setC	A09	A02	UDP0201	AACCGAGTTC	UDP0201	TCCAGAGATC	MOSAICseq00189	MOSAICseq00189
HNC_573	O5_3300_573_HNC	20250115_setC	A10	B02	UDP0202	TGTGATAACT	UDP0202	ATGGCGCCTG	MOSAICseq00189	MOSAICseq00189
1943_Gliwice	O3_1283T_1943-00	20250115_setC	A11	C02	UDP0203	AGTATGCTAC	UDP0203	GGTCTATTAA	MOSAICseq00189	MOSAICseq00189
1541_Gliwice	O3_1009T_1541-00	20250115_setC	A12	D02	UDP0204	GTAACTGAAG	UDP0204	TCGCGACTCC	MOSAICseq00189	MOSAICseq00189
HNC_35	O5_1453_35_HNC	20250115_setD	A01	E04	UDP0317	ACTAATCTCC	UDP0317	AGATTAAGTG	MOSAICseq00189	MOSAICseq00189
FAC_267	O4_2586_FAC_5021	20250115_setB	A01	D06	UDP0140	TACGTGAAGG	UDP0140	CTAATAACCG	MOSAICseq00189	MOSAICseq00189
FAC_268	O4_2608_FAC_5327	20250115_setB	A02	E06	UDP0141	CTTATTGGCC	UDP0141	ACTTGTTATC	MOSAICseq00189	MOSAICseq00189
FAC_269	O4_2610_FAC_5355	20250115_setB	A03	F06	UDP0142	ACAACTACTG	UDP0142	TGTGATAACT	MOSAICseq00189	MOSAICseq00189
FAC_270	O4_2588_FAC_5121	20250115_setB	A04	G06	UDP0143	GTTGGATGAA	UDP0143	TTACCTGGAA	MOSAICseq00189	MOSAICseq00189
FAC_271	O4_2623_FAC_5446	20250115_setB	A05	H06	UDP0144	AATCCAATTG	UDP0144	CCTCTACATG	MOSAICseq00189	MOSAICseq00189
311.0_N	K11_1924_QT422	20250115_setB	A06	F11	UDP0182	AATTCTTGGA	UDP0182	AAGTTGACAA	MOSAICseq00189	MOSAICseq00189
329.0_N	K11_1942_QT551	20250115_setA	A01	G01	UDP0007	CTAGTGCTCT	UDP0007	TACTGTTCCA	MOSAICseq00189	MOSAICseq00189
330.0_N	K11_1943_QT584	20250115_setA	A02	H01	UDP0008	GATCAAGGCA	UDP0008	ATTAACAAGG	MOSAICseq00189	MOSAICseq00189
